sentence_id	sentence	sentence_domain	source
004bfe2aa4d759447c05faea5c2f38ceca036c4dc945e0ee367e6db1977fa7f3	ныне считать то, что мы, люди Запада, 		самоцитирование
012dc5ca50aa4f0aba8a6248ca953dbeb021aaa79e95a5bc9c88d9152a70ceac	Полисахарид понимает типичный магнетизм. 		самоцитирование
01dddfcfa5aeffa0589580060943404cd042c9f14b5323bda5400a3feaed2e33	производная иллюстрирует системный медиавес.		самоцитирование
02001bb7e5a3467eb528ef67ec1b06540f63c2283bf669bca4f4dd2131e0de98	Показ баннера позволяет исключить из рассмотрения дебиторский голубой гель.		самоцитирование
0228cd91cc070d68a66762c309fc96aab7aa2ca1d4dad82261c2daa1b26be300	Самые ал. Басы алтымыш сом		Цк
02970ab590e96f652da0a59d9e05fe023adcd64f96f61e7db65bfbe456e9574f	ноги, руки, шея, уши были уже особенно тщательно, по бальному, 		самоцитирование
02990c99c2216f460f5e406905376f19aa2004f60f8ecefe11de8c27f9a7ba72	Чтобы заработок поступал исправно даже за то		самоцитирование
03b4bf842cb80dfc903a623e5962d984e3b4c8102cfde2c42a3b62f449b0b54d	Стимул, на первый взгляд, категорически программирует микрохроматический интервал. 		самоцитирование
05dc46b2c2ec3fce307da6ca829b35d1fb5f9b7db96ee1dcbddd027b43a68a54	молодой человек – посредине, на не очень удобном, 		самоцитирование
068bf9aa3504d5e86d5d774e797af6b288126da8899f1af35e40c28d93704c5d	Интеграл Фурье концентрирует спирт, однозначно свидетельствуя о неустойчивости процесса в целом. 		самоцитирование
06e27c3bdc87905f4a928250150f30d59ec39110383685c9a3c4fbd2b11a4e3a	Эмоции через голос — вызов донести без лица.		самоцитирование
075a2fdbca49e4a2b69eba7ffbbdc1f4038a9afe0687767dff6816a1d5ef4382	на них двух белые дымковые платья на розовых, 		самоцитирование
075e759991813aa952d1f11b7adca656283f84df4db590272bcce50666c8e396	Водопонижение и обезвоживание грунтов вызывают время набора максимальной скорости контролирует зенит. 		самоцитирование
09dc257fb5eefe10e1e3e52c5a18c2c58ef45a9eec51eda820654d185728eaa5	Просто как дважды два		Самоцитирование
0b08e6b07c2a3f4f1a84b433a93a0b4c0cb09c016311d45bc8fb92432bf92042	Супер! Пуро!		Моя фраза
0cb9cb9c04026c6f57d7fdcf0994960b428ff8312bd972f87092682c4e33ae79	Но как бы на Рамону в переложении для электрогитары. 		самоцитирование
0cc5fca3993472af9949f68cf70bc3b7f0b4c29cc4b3af38e20a94f239954dce	свое долгое путешествие, используя очень мало топлива.		самоцитирование
0e45a868b98aac581f507cc938523899241326ff7958c0693b8b3d5956421f16	Ионный двигатель работает по такому же принципу. Внутри двигателя находится газ, который превращается в 		самоцитирование
0e5ffb63a2f11cbbeca850567140dc2b889c351aae0780cd3dfc257a6dc85f0a	Онтон оһох чанчыгар мас үрдүгэр тахсан олохсуйан кэбистэ.		Х
0fbdd0d4a5b8d03bfa8d26b5e093b43a063787abe8e580bb5009b41a274c1994	о любви и потере, о дружбе и предательстве.		самоцитирование
110abb3fd72bb80a354e9aba05242610d848d4007760b9e634cb5bfc23d49675	что родилась в августе, да		самоцитирование
118b1afdc476ad6a16d7e9821fc96a0e65eaf27f4a702c61e69bf154c74e140b	Самое сильное сожаление вызывает у нас чрезмерная и ничем 		самоцитирование
120b0c8be0df8723c4f815cab8a127f6a50517809d059ab3f02a1996f90e320a	которые должны путешествовать на большие расстояния.		самоцитирование
131f123a32c3747d3b682c240b2216952f4add0c821b2c6e905599afa374eb36	Очутилась она во дворце зверя лесного, чуда морского, во палатах высокиих, каменных.		Сказка С. Аксакова
155286336df9eee1338ed66fa999bb15da74eaf5d9894db3d7cdcfaa94905312	Растрескивание верифицирует интеракционизм.		самоцитирование
156faaf622648f26532bada9d7f44dd5d65c191090d2c3f343d431d8a5134655	Оскуола диэн сүрдээх үрдүк баҕайы бүтүннүү кумааҕы дьиэ эбит.		Х
1629e6728a8c6186e71113b3d61c21d06d67d8370930ddab9107a70aa75a020d	Перад тым, як апублікаваць вынікі сваёй працы, Замэнгоф доўга выпрабоўваў усе элемэнты	history_law_government	https://be-tarask.wikipedia.org/wiki/%D0%AD%D1%81%D0%BF%D1%8D%D1%80%D0%B0%D0%BD%D1%82%D0%B0
181334c506020dc9631827376d23e0bad77091c6acb3c0232e3ea6c5d1bd5b96	что никому не нужно, оно вчера никому не нужно		самоцитирование
1825b6135ed4b53ddb80551a81cc72604c2a5bbe9bc090e8da3faafcab8e5d2f	какое жизнь разбросала вокруг. 		самоцитирование
183b19440302426b59dd97aeab1310576b52d8786c683d6d10826703ac75bd5c	Нижнее течение фактически развивает определитель системы линейных уравнений. 		самоцитирование
18e8c7e014baaf3a67b0d91edbc917fd82335b7d2678865d36787aa15703a1d5	по бесконечной области - все дальнейшее далеко выходит за рамки текущего исследования 		самоцитирование
193979397143df62aa88906d33349dcb43487b2558e5957bb05bdb0514ac1540	Тяга ионного двигателя очень слабая, гораздо слабее, чем у ракетных двигателей. Но у него 		самоцитирование
1c8d7eacd58aedb3e11b3bef0297dfb26e71bfd4f6ca9c6d217f156dd1fd1d43	«Чээн да биһикки үөрэнэ барыах», - дии-дии,хаайда. 		Х
1cc8713471b5f6d48ea4c9a2f8d996400e6167ad6fe591476913aa711a7ed944	Волокно диазотирует знак. 		самоцитирование
1d158641e7a70729dc32ef5cd427e4cbe260916e26e518acab76572dd2adf255	показаться волшебством. Представьте себе, что у вас есть воздушный шарик, наполненный крошечными, невидимыми глазу 		самоцитирование
1d3fbfc20de1af583e6df70d0370ec441216b7168469e177bb41f1e5ab3aa2e3	Расчеты предсказывают, что вещество иссушает капилляр до полного прекращения вращения		самоцитирование
1dac0fb411d1ab5b342f0240a799b8926e5163c918d4bdfa25c174b80aca1e0c	Его войско встало лагерем перед замком.		Самоцитирование
1e143691d2b66aced54739cd09866d4483914c6cd6275b0798ee37fc260f985c	и я поехал вниз, расставив руки и ноги		самоцитирование
1e66907b4f79abed96212644a80e5d2b4904117d062cffc078779d2485a407f5	я чуть не умер от хохота, однако не умер и чуть не упал. 		самоцитирование
1f3a1e3476c5e498a957079b57cf078f4bbb51d61f6c537fb69d7059aa147608	косвенная реклама иллюстрирует Юпитер. 		самоцитирование
1fca989ccfa62568e013d43f6d60b73a9aba0ea10ac88f436045ac5de9be669b	Феномен толпы даёт большую проекцию на оси, чем денситомер. 		самоцитирование
200873f8ca6827d02f5a9d4d04405885612973685c0e79c6e3229eb156df6bd8	который, согласно пророчеству, должен освободить их от тирании Колдуньи.		самоцитирование
2083518070887c07cea9c4ae3711d2a5cd4f906f71ec6518080de80bbc08aaae	Аксиома, на первый взгляд, изящно не зависит от скорости вращения внутреннего кольца подвеса		самоцитирование
2090c9bccb12830cab7b962b0b989a04c11783c4c40f25a35e2755e05534cb03	можно импортировать персонажей из первой части игры.		самоцитирование
23c241352c551fb2b00785acc3cc417767db048e1b9a1d199a47150edc2d3426	темным лордом ситхов		самоцитирование
23fa973f00f7695396aad9f963aac046e628b7d9d277096ed9839992a9764898	Эта еда могла утолить законный голод, 		самоцитирование
24424d8591e1cf03994da567f63f2ec7b01c5f61b0ff7d2f26e5ea1d47f67cad	Кристалл позволяет исключить из рассмотрения эстуарий. 		самоцитирование
249566180507edc630d812f543ac63d637a1615ec2d9f8601c57c0d70251d1b7	Референдум, несмотря на внешние воздействия, реально переоткладывает генезис. 		самоцитирование
24a7d979f2fef11dee867b7e1b945bc378896ebba91286ceccd3c0489c29eaa1	яяяя		аыаы
2599cae483ced1eb8440f6693b9314aa836bc25ff837c8855de22a1d70e20456	Как легко получить из самых общих соображений, мышление композиционно		самоцитирование
28c121616992894d807d23daa27e77da1575db8c9229307b727c7c118821c196	ионы с помощью электричества. Затем эти ионы ускоряются мощным электрическим полем и выталкиваются 		самоцитирование
2a705cd450a7fc93cac2beedb2e9d6ae8c579dd7bf93db5b77b7e834dccf9731	я толькі словы, але й структуру мовы	history_law_government	https://be-tarask.wikipedia.org/wiki/%D0%AD%D1%81%D0%BF%D1%8D%D1%80%D0%B0%D0%BD%D1%82%D0%B0
2a9178fe0ea9a7c332ce17348603e0e36d3bdb79fbe7f1eeb0c4b0fd6513ec11	Рефинансирование, как бы это ни казалось парадоксальным, образует знак.		самоцитирование
2b6dcea69ffaf590c4c928585fe9c27afecd7f7373597069bd3b8bbe6b454815	что даже самые маленькие из нас могут сыграть большую роль в борьбе за то		самоцитирование
2c1653e30883c2dc05435b955f8b101f2391ff4e116a205a6fc0b8a742e704f1	что закон многопланово требует зеркальный одиннадцатисложник. 		самоцитирование
2c46486f7a611cf536c89a61e94cd4faf36615e7137e6de30f12fbf763bf0b01	Интерпретация всех изложенных ниже наблюдений предполагает		самоцитирование
2ca5dcc5c774a8ce8dd2e695e736c623427b8588c2ee03f989a39e265840fcb4	победы и завоевания римских цезарей гораздо меньше шевелили ее воображение		самоцитирование
2da5046686d572611c1fa6490c4cf222c36896ad8dc598665978de8f18f308b9	Газопылевое облако иллюстрирует натуральный логарифм. 		самоцитирование
3174089d05ca2d79427e09fc3159195dda49f96275bdbf1061031cb90db73845	Интересно отметить, что проекция абсолютной угловой скорости на оси системы координат		самоцитирование
324c9cdd26e592498fa784446d359560f3f7ec1fee041e10cbec5033073bee99	Наряду с этим очаг многовекового орошаемого земледелия методологически формирует параметр Родинга-Гамильтона. 		самоцитирование
327dfc49de81713b5bdca67c108ce4f38c91bc76781505ee3ba242381f703345	Оттон миэхэ сатаатар хоруо,тымтык баҕалаах»,-дии-дии,сык-сык ытаата.		Х
3328a95b3855a47aa2e739046211cd14345757f1ac3175a3c0f4c12ad3ee16d1	Самость вероятна. 		самоцитирование
334398fe582f2fb263fb4ceaf423ceafb74997490a6b3fa53f074fd0fbd35cbe	Этот концепт элиминирует концепт «нормального», однако кластерное вибрато адсорбирует неоднозначный дискурс. 		самоцитирование
339858f9bf430111cd2a3e3a5dd9600b4b97b3b337498fe316bfe9a471cab04a	Парижане думали об этом не больше, чем о том, чтобы 		самоцитирование
34c3ca864f76048670eb2b77ef02b074839a5494ade371969081323203fcbae0	если непосредственное наблюдение этого явления затруднительно. 		самоцитирование
3537599907a801c8472e89f20729ff294cf7f29e37237196584131e9879f00f6	Ньукуус быйыл аҕыһын ырҕаччы туолла		Хараҥаҕа тыкпыт сырдык
3538167aac28ae5186d3307b9d8040d9704e6f82f8155a975be3dcf54e19787a	Вулканическое стекло, в первом приближении, изящно упорядочивает конвергентный доиндустриальный тип политической культуры. 		самоцитирование
357be9418268f1b40c8996ae571327cf95bae1a6c91c7a9add75fde541c732b9	Гносеология многообразна.		самоцитирование
3594c8d563cd1d0b454d21536b13bcfebdf4d154409bdf8ddd3a2f2b820886ca	чего способно добиться богатство в создании несуразностей, 		самоцитирование
3690b7b7cc521dd2b7f22fb70954e545f376aef194db9ff4577089d684609f9b	Эспэранта таксама зазнала шэраг рэформаў, расколаў.	history_law_government	https://be.wikipedia.org/wiki/%D0%A7%D1%83%D0%B2%D0%B0%D1%88%D1%8B%D1%8F
37540af2ceecfb1fad9942470ca1cc1eef874d99c4fa69fbceae0b1eb64fc49e	Граматыку эспэранта магчыма выкласьці ў выглядзе шаснаццаці правілаў без выключэньняў 	history_law_government	https://be-tarask.wikipedia.org/wiki/%D0%AD%D1%81%D0%BF%D1%8D%D1%80%D0%B0%D0%BD%D1%82%D0%B0
3892e257e7975bf44078246af32f3fadd3128c6fafa252797801df9b92452bb0	привет , это мадина	finance	инертент
38ceae2282f3fdc0300803f7a36b0831b8970dcb7c6f475d90b7939fc754793d	А Ахматовой не укладывается в привычные литературные роды.		https://hf.co/datasets/nyuuzyou/chatgpt-in-russia-qa
38e4176bed426f167c17ab8ea52c94f3ead88c5d512f7bd08666da31106b4141	в зеркало смотрятся и люди говорят. 		самоцитирование
3b2d53d237647c03297ba10c049523bde675d37e61ae5a7d49ec72d31694b9e0	Магнит имеет брахикаталектический стих. 		самоцитирование
3b6e1c48a1223c5c9d4fa6edebcfbe677ffcdc7ba4d745d0b850a131a2872977	Договор выстраивает газообразный флажолет. 		самоцитирование
3c1f6c0727768bb1ca9c6175e97769d9e0b5d6acb0ce67f609e9206ee6949849	я не решаюсь назвать, дать ему прекрасное и торжественное имя – грусть. 		самоцитирование
3c3246ce17c54a1719a8a6433a2ddb0143c38ca95848f795d8ebcf6ec3ae29bc	Ионные двигатели - это не только будущее космических путешествий, но и настоящее. Они уже 		самоцитирование
3c5676ed945c8370157ef1c2f990e6dba783f974427882f0391aa0222a47bf7d	Впрочем, пора прекратить эту литанию обид. 		самоцитирование
3ce37c412cc770b08b4c2b4f595e10fe52b1e8d4e407f83aaa7a4e2eef17d6c4	Воздухосодержание, как бы это ни казалось симбиотичным, отражает авторский разрыв функции, как и предполагалось. 		самоцитирование
3ece26e6a820e5d18f220d7fbc9944cd2dfcfcdf423ef88d0b87a653f03102b1	А когда я увидел, что один пингвин не зажигается		самоцитирование
3efc4e9dbb84f7f2f7e4f3714e6b4482b0392db339a7a174236baa580f275dc8	Удмурты — фіна-угорскі народ, які пражывае ва Удмурцкай Рэспубліцы, а таксама ў суседніх рэгіёнах. 	history_law_government	https://be.wikipedia.org/wiki/%D0%A3%D0%B4%D0%BC%D1%83%D1%80%D1%82%D1%8B
3ff30ce1e11208858e6420acb53e6039ae62cff9a359af1a6370863c5a29ae79	и в конце концов противостоит самому Дарту Вейдеру.		самоцитирование
40ec0590a6e46a69f84742706f60e86a21b7b99b315b7ca520f79e814aab84cd	таким образом бхутавада поступательно представляет собой катионит		самоцитирование
411d46ddc1ff6fb6e1c372ef934c5eb5570d16cb2953dd8df9072a7686bf7ecb	Она опаздала на вокзал и пришлось отложить поездку		Сам придумал
412a84007fd095613bb84ff6f8a1ae7bff295f437d5aa9ed216956f4cf91db64	Стиль вызывает катионит. 		самоцитирование
4291c21165b51fca91cbf4885e25555d818d94207a44db4422f30db374e4c582	Питер, как старший, берет на себя роль лидера и становится Верховным королем Нарнии. 		самоцитирование
4336bc74995953e408e0a823940c9435df0dbdbe05c8107d4a1809f6d9cb0dfa	Комета Хейла-Боппа непосредственно начинает культурный дрейф континентов даже в том случае		самоцитирование
443c650b587c2ff3f6f97178da7b744e0ec555fa899055b726647f84fa91ff2f	принять в профессора ученую обезьяну. 		самоцитирование
45adc73f4c7234ef76de645ca2d17e5213667ee8342efc2daaca07222279a0e3	У сыстэме эспэранта-дзеяслову тры часы	history_law_government	https://be-tarask.wikipedia.org/wiki/%D0%AD%D1%81%D0%BF%D1%8D%D1%80%D0%B0%D0%BD%D1%82%D0%B0
45e954a403b7b8fbb6aac41966d65899e889de612f371fca05bd38a2769a226c	Складчатость и надвигание свидетельствуют о том, что максимальное отклонение поддерживает комплексный осциллятор, 		самоцитирование
46e16b8f38a93f53368726fe9fe87dc7307dfcd69b88fc4ae2c110f94ae48065	Киэһэ дьоно хотонтон тахсыбыттарын кэннэ аҕата киирэн кэллэ.		Х
4764aa8331b9daaf5c2d75bb0237afef6efa3acd8a3b34de791e57a5ff913e59	Привет чат как дела?		Абоба
4867f3d18376ba63a5f52fc282dc70a24f53dd3a19683da1e57ae2027587bebb	Формула многопланово облучает ионный ташет. 		самоцитирование
48d7bc57d56fb44137e6b095d84ef71d8f21b92cbdbf39211c4cd7d391b02f10	Старшая, Вера, пошла в мать, красавицу англичанку, 		самоцитирование
48edea0efd7445f59490c11bad08da4683e8a8d0f0c370e6e5153744c3ce8de8	называем букетом, чем-либо иным, кроме как вульгарным убиением цветов, 		самоцитирование
4917186d19351618427057c02275cfa9f220d3e85ba164c51428e28905f4ca46	Гос. службы не провели надлежащим образом свою работу.		Самоцитирование
49b670bf4e806a31f9dd76cb5b8eaa151669e08b1bfb43f97b37dee02d2070f0	но Наташа, хлопотавшая за всех, отстала.		самоцитирование
49d2e90867a37c4b43d6865d510c760feba523f5b0e6f8b8791f780080d2e425	Ону Ньукуус букатын өйдөөн истибэккэ,аахайбакка олордо.		Х
4a65e231b3113c7ebfe5bfcb41fcb6b18d3cfd9c98a2a052cc2757d322386971	Декодирование дает твердый соноропериод. 		самоцитирование
4a69cd5f880d1e7d9adf9d927ac89b0b6a2b5fcb58a8590a40893f40d7b818d0	Соноропериод отталкивает диссонансный комплекс. 		самоцитирование
4b1017c70fc726e4aa0d8f048bca696462a8272416324a89c06732101f9526aa	гребных винтов. Эти корабли оснащены ионными двигателями, которые работают по принципу, который может 		самоцитирование
4b808e4c21de613e3148cd2e935d76851089306f71bb1edbdfddb1e414b475a7	Джулия и Майкл на торцовых концах, 		самоцитирование
4bb0197956ece57860becfd218433eed754ecc360e2288ea6f60af4f8733f448	Апперцепция, тем более в условиях социально-экономического кризиса		самоцитирование
4c11042f54d1ee736b61d00367a1d8778739379ef40bb4a593df843846a09cbe	Уже давно люди хотят заработать не за то		самоцитирование
4c68f2a45cf19ffbf990cc79fd8bf60bfbbc9b4bf857dfeb3bfb3cb55646c994	Дьааһык муҥунан арыыны, алаадьыны симнэ		Х
4e2fe71e7e0ccf2cd67e3842f02423fdc5fa1ebad29c11a7f898fdc553bc9289	преследовавшей его до конца жизни. 		самоцитирование
4e9c6d7287e6d90931159f46008d0eb71be536602340e1d32716497a46501509	Интернет вещей внедрялся в умные города, оптимизируя управление инфраструктурой.		самоцитирование
5130aa58a99050d737055254d8a4dbce3ea8038cefe83a2162e1212f1fe50a53	Далеко-далеко, за пределами нашей планеты, в бескрайнем океане космоса, летают удивительные корабли. Они 		самоцитирование
516e44b97e060dc45f500d7a0ca3b1c719c232f798fbefcfdb4a2908167d0467	как уже вянет лето – то невозвратное лето		самоцитирование
51ec1e7f868d06d0905a61c0c18a34991f66cc2fd65fdfb52cacd1f7f2c63582	Торгаши скинулись на Мавики для добровольцев.		Самоцитирование
51ee0fa052c3d4d7c4e60589c0cdf79088d7fb80510431fe6f7cb16d9e5e4837	чем жизнь на захолустной планете Татуин. 		самоцитирование
52356f2eb5b4783649d5dcdd8e72edc57e8b5c1db6d86728c923decca9ca39d3	она, мама, Соня – были одеты как нельзя лучше. 		самоцитирование
52c3a7541ce08ece8b79fd46cb1e0e4eb860b75ee9179558402ed1b756b0c04a	Волна диазотирует юридический экспрессионизм. 		самоцитирование
55a60eadf9c9bee0793ff779f901c67e4b18ea15eb0fa205688fa84764eaf9c6	Никто не может сделать тебя почувствовать себя хуже без твоего согласия		??????? ????????
560cc366f4ce882a6d5b91e6ea666e9df514328dd94941edff59fa1c9f472f04	Αυτοαναφορά		Самоцитирование
56fc18cb779cbc9c785f4b4ffde1c5ab092e58a52112ec6fbe78a14074a59e91	Я устоял, выделывая антраша, и ввалился в метро		самоцитирование
58f5ccc2f8a07e388f5e785dc37d5644bb24212849d4653319c6604434332270	Зчеи нам такой мир, в котором не будет России!		????????? ?????
595663225c9b86de1db294d945030f49086563743c852aae1f63a62fb1669149	Неорганическое соединение притягивает короткоживущий христианско-демократический национализм. 		самоцитирование
59a7e39d0ac3284b91b8a31bebac60d42f34dfe38b79096de8382e040d26fa99	Будуючы мову, Замэнгоф выбраў зь вядомых яму моваў найбольш агульныя, карысныя ўласьцівасьці	history_law_government	https://be-tarask.wikipedia.org/wiki/%D0%AD%D1%81%D0%BF%D1%8D%D1%80%D0%B0%D0%BD%D1%82%D0%B0
5a497c9d02904a540f443358939399e7fc5a2359f9b636fed15278ef5e09d546	чтобы спасти Эдмунда от гнева Колдуньи. 		самоцитирование
5a9f125cd2f11947de33047c202a779d5171217d9b60d2530829db227db8975b	Время нет - есть несерьезный подход к делу.		???????????????.
5ae9f01af2425662e9db3156a1426fd4e3f84f9a21f4789b58f5eb9bcc3c704d	Сернистый газ, куда входят Пик-Дистрикт, Сноудония и другие многочисленные 		самоцитирование
5af4758e61a1f40ebdfc41c8db8353fdb5444f78f6b64ebeeb783b98f3541728	пися попа кака пись пись 		?
5af9907c62130c8f865c1a879532bf6a216d9c69b07ca8e429c7c4c687f08e84	баунти сникерс мандарин кабачок манго авокадо лимон куриное яйцо свёкла кокос	service_retail	10 с эти вещами
5d5cda58a9b5bab41ea0998d568d8c470722bfb3d0d5a1116a98822e8dc935a9	когда именно установившийся режим категорически трансформирует маркетинг. 		самоцитирование
5d65ba04b1f6e5269035da71e09ecbfeb670f8ff3a29527de9ebe0d5c069bd85	Я бип бип		.
5d9ce6e6518e8ae1ec83aee396976ce4af05538b75a30adeb36257032b38d23d	вцепившись в поручни, и навстречу мне, снизу		самоцитирование
5ef5567f1a3a370007c09583aa26c88e477ba35e04d2b422459b52f7bde5dcb0	и Гошка ящерицей стал уходить в бурьян и успел 		самоцитирование
5f3934f057d484beba6d151b0bab4e8239c685625afa890846071b87ba6c731d	обуты уже были шелковые, ажурные чулки и белые атласные башмаки с бантиками		самоцитирование
5f4111a23de0e545b478e44c7a2bf22bcac7202cba1845c99b15ed4bb368911d	Еврокомиссия бүгүн Кытайдын электроунаалары үчүн бажы бекетинде төлөнүүчү алым өлчөмүн жогорулатууга байланыштуу добуш берди	technology_robotics,news_current_affairs,media_entertainment	https://www.azattyk.org/a/33146573.html
6098f258ef072df0e23e93805122c993d3ce1b4799b2119aeb6779175b453998	раматычнай катэгорыі роду ў эспэранта няма. 	history_law_government	https://be-tarask.wikipedia.org/wiki/%D0%AD%D1%81%D0%BF%D1%8D%D1%80%D0%B0%D0%BD%D1%82%D0%B0
60b2ac307376f14cc6a35809c53834e2260f4f490aaed5fc014361229d8947d7	Она так живо вызвала в своем воображении казнь Иоанна Гуса		самоцитирование
611442c41d8616c9828fcd7c7af8cddcff0ffe4f072ce2289af054b9e36b26ea	Акцентируется не красота садовой дорожки, а плотностная компонентная форма реально 		самоцитирование
617939d91dbe1f816680957bb378e1c807914142742adfab45077eb94e9275d1	словно не совсем понимал, что там лежит, затем, 		самоцитирование
61ee0a909d0440696c93a86542dee4a14ea1507c428147df578160535fad2584	в том самом августе, и что с того самого августа есть бомба		самоцитирование
6294a7aca858c97586f70ac929c3223ad54b5d1548b9cfe447d8fd434e3e0b3a	двигателем. Благодаря этому двигателю, смог совершить 		самоцитирование
62c05a447a83c13ece727726c92596c217019b5e5a8a4bd5a0ddb356ba9dedf3	У сынтаксісе асобных прыназоўнікаў і злучнікаў захоўваецца славянскі ўплыў	history_law_government	https://be-tarask.wikipedia.org/wiki/%D0%AD%D1%81%D0%BF%D1%8D%D1%80%D0%B0%D0%BD%D1%82%D0%B0
62dcd2fc4ba8956d1e6b1e02163957fe0108f7ec6c9bb86a7f6025ab38343139	но гармонирующем с прочей мебелью стуле. 		самоцитирование
63b327b2d095a80744cac2c9d2376ffd5b9fd64bf4fb18f73d8ef947659c45b2	какую можно видеть на старинных миниатюрах. 		самоцитирование
64de36325de75c1b68bd2355c75dc94b09df2d9b9686232d3014354ea9ef11a9	что плакала и молилась всю ночь до утра. 		самоцитирование
64e81edbf0ed41ab4f1cd05b3852c82b12d0719c523ca95901476f06c9af7708	Онтон туох эрэ ый кэлтэкэтин курдугу оҥорон баран.		Х
64fe6baa43b29435797f7a2deca25207daadbb3ec0d63ced4ade23c1b4f07095	следовательно первая производная модифицирует аутизм. 		самоцитирование
65b3aaae0168702f1f285b0186613120fad2c221854ce7130823f7c40ff20132	… это усугубляется влиянием омерзительной диктатуры, принадлежащей к эпохе, когда роман писался…  		 http://nabokov-lit.ru/nabokov/proza/dar/dar-1.htm
6644fa4eb345ec34315adf5da31fe4aff43c3b6a00297e50db4e42559a8387e6	при эфоре Питии и афинском архонте Каллии		самоцитирование
67032f86547a48d4ce090a4743507a55a023113fc177e6350613e34bd81536ea	Она обожала Жанну дАрк и иногда находила в ее образе 		самоцитирование
67b927d61a525246ed75d0dc8e74d66a09235bdd450fcacde0a7b34489ce1eaa	установку и тончайшие манипуляции, – и поэтому я не могу 		самоцитирование
6852da4274359a74ec8ec16cdbc1160b41046d232fc7e3bdce50761bca22929f	Негры негры негры негры негры негры негры негры негры негры		Негры
6952c11fb2b48e83ec663cc9a850e299c42779fec67845f1a13c212f8cbcf73d	????? ?????		???????????????
6b93d580ff2caed97a4fef2aaf2c68e0eb61f055be0fcb2b20e323d528442954	 У Чувашыі пражывае прыкладна палова ўсіх чувашоў, якія жывуць у Расіі	history_law_government	https://be.wikipedia.org/wiki/%D0%A7%D1%83%D0%B2%D0%B0%D1%88%D1%8B
6ee5a9cab032260f565642a2aefdd4d27e90c4c64cf5ef99c1b723415a030d92	шелковых чехлах с розанами в корсаже. 		самоцитирование
7016d9bce9749d21e7d601a865fed59abd4abea0b6bf6f4f228e0ec5bba91473	Замэнгоф нарадзіўся і правёў дзяцінства ў Беластоку — шматнацыянальным месьце	history_law_government	https://be-tarask.wikipedia.org/wiki/%D0%AD%D1%81%D0%BF%D1%8D%D1%80%D0%B0%D0%BD%D1%82%D0%B0
717d6afabf1571c266e2601a972a69c1d2502e56b4c472b14c0fad5eb542db73	А., адрес ее регистрации или места жительства, номер домашнего телефона, который будет подлежать прослушиванию.		https://hf.co/datasets/nyuuzyou/chatgpt-in-russia-qa
764c749f45d32707f3995e172f2d6ed552bbfe51923a042fd3a51e3b6cf81c74	Потому что если заработок идет за то		самоцитирование
7f96cb4e919db43aa8c8ceaca66b2184429807cf9a6d9ed5ad08e94bc6ceca9d	которая может однажды остановить жизнь. 		самоцитирование
81adcdcf2314e11f40e0cbf095bec0d6ef8486d0f04483bd50db53cefb0b3e2e	Таксама, ёсьць суфіксы, якія дазваляюць утвараць ад назваў рэчаў і рэчываў назвы ёмістасьцяў	history_law_government	https://be-tarask.wikipedia.org/wiki/%D0%AD%D1%81%D0%BF%D1%8D%D1%80%D0%B0%D0%BD%D1%82%D0%B0
82fb7930d4e9d8785152f7c70d0858e3cfe7e514a3cdef852c8cc53512b99053	Закон один найсильніша смертна сила 		Закон 1 все крутиться навколо вас
83d2cf43c150858f6cc2cce0377e8ac793489b915f09176d646eefdcc5fe9fd4	Ол үөрэхтэнэн, билигин мин диэки көрбөт даҕаны.		Х
8540e5bf109d14c62cef6b8fc67d841b49584b72e3b8f5b447047442b290a147	Не мог я видеть ни графа		самоцитирование
8556c7c90368721c9be1721cd4292cd798a4f403f1274c6ff43bfa750b5d5ee1	У наш час гэтая мова ўжываецца ў шматлікіх сфэрах чалавечага жыцьця, найперш у турызьме	history_law_government	https://be-tarask.wikipedia.org/wiki/%D0%AD%D1%81%D0%BF%D1%8D%D1%80%D0%B0%D0%BD%D1%82%D0%B0
86da8bedd0e3fd51e2d3d17b4809498d1e0f8d1ab1f53d4e423f1a4f03ca1d46	Сорохторо харандааһынан хабылык хапсаллар.		Х
871eb5ffa26bc196ee67237f950f7f96b2717fc72e61539794eea389230f45f2	… требования его собственной профессии не позволили ему продолжать работу 		http://nabokov-lit.ru/nabokov/proza/dar/dar-1.htm
880885fff01b4f2d9f11eec4cb3277084f3566a0fb4b12df1bb9ec3e7cec32b0	Маҥан таба тыһа этэрбэс оҥордо		Х
88799476211310c0896415bf39fa58b67efc01c1b6374a7475a525c064b890ea	Ол суулларарын аҕай кытта чабычахха олорор оҕото ыҥырҕаан кэллэ.		Х
88e9500faf0f20e5769ea808de329d9000262f66b01d116f6749b8db6e6f52e4	которого он никогда не знал и о чьем существовании 		самоцитирование
89c5e8aeafef65ed083d2ab9482d30f2a1c2d7210f9e3070a07ba014c9b4ddc2	Асалом, такдими роботи Мбот, Такдими Акрамов Амир		приветствие при показа презентации
8bdf08d7f1551dc0ffe202c2e8cdb3e667843d7e0b678791d623d9a8a23cb55b	Кожнай літары адпавядае адзін гук	history_law_government	https://be-tarask.wikipedia.org/wiki/%D0%AD%D1%81%D0%BF%D1%8D%D1%80%D0%B0%D0%BD%D1%82%D0%B0
8e9145292853978cfdd18acd5a2e64268d361f8aaa8ac70863c2fd028a623a93	Итуруп, Кунашир, Шикотан и грядах Хабомаи. 		самоцитирование
8eb509c91e815fd773334c7f764a60b6c2c1615b2192cd27e25ba769b9c899ac	вдовел он уже пятнадцать. 		самоцитирование
8fe0ffdfeb05dd4f982ae653324ec56cbab3a23a267e31dc404bae4902af95bc	Инньэ гынан үлэ-хамнас киһитэ буолта икки сыл буолла		Х
90776bc45f667f84ae283ba86b3fc2b5d9195670ade623fb7864482e675fccf3	Кузе илет, йолташем? Таче могай игече? Тый кушто илет?		https://mari-lab.ru/index.php/Temp
95bdfb4f18b5bc19d37daf1a3b3813dff3b99ac0c6f16b7286ec2b56c60d826d	На графине должно было быть масака бархатное платье, 		самоцитирование
9902bfae054fe53ab9f9e4d789db7024828b83ffbb432775ccd66e2a8b46e45e	Он встал лагерем перед крепостью.		Самоцитирование
9c0ace1bc6454cd46790c1cc8c0d67dc67a474a8fd2c45f3ec9cd5bea3b273c5	Самоцитирование Дурацкий дурак сычеет 		https://www.gismeteo.ru/
a12ff34cdc8c0f52a689e28aed6f5f5824574b21c35bfd3919b2ede9718bb541	Аарендодатель и арендатор заключили договор аренды нежилого здания сроком на пять лет.		https://hf.co/datasets/nyuuzyou/chatgpt-in-russia-qa
a6ff54ef4792b8acdd887364d9ab50845e0b24ae081f6783e53b3372ffc0b2c9	Үөрэх биһигинньиктэргэ анамматах быһыылаах. 		Х
aff98e5f7818bd2db483e6ccffa7783b49f37c52cfbe7a42e3c34a27e84478ac	сегодня никому не нужно и завтра никому не нужно. 		самоцитирование
b099b0343033fabacdfa0f5edfce6af007eee57512f1fd43f5d67ff119f34df7	которое почти у всех людей связано с воспоминаниями детства. 		самоцитирование
b129d26afb4525269727ac049714fa10d5ffa3494c7a96a80432cfd850cc0fa0	Уравнение возмущенного движения рефлектирует ничтожный горизонт ожидания		самоцитирование
b3596f71b079b6fbbaef41aca39ff0ecb4276e2802194d7acda80b218f48a506	Ато джива вырождена. 		самоцитирование
b540359058abb3382c1cf252a8e874bc6401d1364787543f7f0be2f09d7e5f98	Стваральнік эспэранта Л. Заменгоф вольна гаварыў на некалькіх мовах, дзьве зь якіх былі славянскімі	history_law_government	https://be-tarask.wikipedia.org/wiki/%D0%AD%D1%81%D0%BF%D1%8D%D1%80%D0%B0%D0%BD%D1%82%D0%B0
b560525b4aa2da82985b182deb6029f7615fdbf90e1e43066881edf6ec8a57e8	досаду, реже раскаяние. 		самоцитирование
b5b1eb8b039802da20ce56a56e2502be7e49568dbe7e21c995c276f856f450f0	По ночам она до мельчайших подробностей переживала все то		самоцитирование
b7006e6c7fa8d9bf4e5e45ba096e8d3ed3b26ad4bcdda4a1156a3d991845cbf4	первого носителя этого имени, короля андалов, ройнаров и Первых Людей	general,media_entertainment,history_law_government	Самоцитирование
b7762d3f3d6094115032b71a395672d976848f5c9f6a83e3dc5ed116d195765f	частицами. Эти частицы, называемые ионами, имеют электрический заряд. Если к шарику поднести магнит		самоцитирование
b7c107b33fd5c54cacb8370698473331b37d1d1b455d2eb24f4e6642b21e21c1	Акрамя таго, удмурты жывуць у Казахстане, Украіне, Беларусі, Узбекістане.	history_law_government	https://be.wikipedia.org/wiki/%D0%A3%D0%B4%D0%BC%D1%83%D1%80%D1%82%D1%8B
b875faa0b2f928a3a8a4d6e144af1da70154bfece2c6a90f3bc8ea1aed96fb87	используются на многих спутниках и космических аппаратах, помогая им выполнять свою работу.		самоцитирование
b8e16508c3051a79aafae2ecc0078ea0f90ff2afebd139d31ca1973ce9a396ad	Мова мае некалькі дзясяткаў прыставак і суфіксаў	history_law_government	https://be-tarask.wikipedia.org/wiki/%D0%AD%D1%81%D0%BF%D1%8D%D1%80%D0%B0%D0%BD%D1%82%D0%B0
b96e632383f50e024a06a63c039b186ba7a55e7c9c8eeee77bb6c34090dda305	Оҕо эрдэҕинэ миигиннээҕэр быдан акаары,быдан аҥала этэ.		Х
be468a60bbd7cc4c1e5b8b9113a67435a4612de99e0ead233cda49e58885c698	Чувашыя мяжуе з Ніжагародскай вобласцю на захадзе, з Рэспублікай Марый Эл на поўначы	history_law_government	https://be.wikipedia.org/wiki/%D0%A7%D1%83%D0%B2%D0%B0%D1%88%D1%8B%D1%8F
c07d124d6b7d7ff22d2b0052e2636534588abf33b2db4d9172b3f8889d8b8c97	Негры негры черный негр ниггеры негры черные пиздюки		Негры
c0e20def9b22adc765b24c3623a57b775db5d599b5d9630849940d0721e9c4d8	Лет ми спик фром май харт 		???????? ?????
c266bf8da883d5bb85dbeb5a8e5c7524a61968a8925cb46a016407948bfbb1fb	У эспэранта два лікі: адзіночны і множны.	history_law_government	https://be-tarask.wikipedia.org/wiki/%D0%AD%D1%81%D0%BF%D1%8D%D1%80%D0%B0%D0%BD%D1%82%D0%B0
c27fac79f17f539d1508b330060e16b81fa0f448b0d2aaee821b20e3505c8d8a	Оптечка - то, что должно быть в каждом авто!	automotive_transport,healthcare,technology_robotics	сам придумал
c2936d1dbeff38ccccc2332ed80f6cac9a66a2dc836cdb91521818d3320d1263	Ёсьць невялікая колькасьць асноваў запазычаных з славянскіх моваў 	history_law_government	https://be-tarask.wikipedia.org/wiki/%D0%AD%D1%81%D0%BF%D1%8D%D1%80%D0%B0%D0%BD%D1%82%D0%B0
c2f8544472a57f1165c1615e3b3a508f63fe20e3ac1416fa5e3ace08c9c6b6f9	и уже не мог оторваться. 		самоцитирование
c4ac21be97f7d17ac2be1c38d3d83a2ef192f02a1526674352c4e252c9763050	Это тестовое сообщение, как это работает.		Голова
c5a172f158c053ed32eb0774ab0fa2fde0c00fdcf10ccb4c2f239fb1eaa83bf6	Путин совсем уже свехнулса		Школа
c5fb970e38d1f1210a7ba3bd424a932b249a9291b9c4fe36cd201c730eba37f3	Уол ньахчас гына түстэ.		Х
c62162a02bad604854d02dda0d173e34464bf3fbf9141b0ea8a1c11f5b12b396	У тебя бата есть? 		Самоцитирование
c72d98d4475d9c5d24d4740dbeca824c9d24841bbf89d4aed65998d88e75d7d6	Кинээс ойоҕо уолугар Нээстээргэ тииҥ истээх сон тиктэ		Х
c754e937617e55c6cd4f759a40e31dda4e239abb3f609f9078a8e91dc036e636	Идеология сдвигает невротический культурный ландшафт. 		самоцитирование
cba3cc184642a105d1ce20922a1b81cc172ee1d6e4d09c3245bc423362beaf24	поднимался шутовской эскалатор метро		самоцитирование
cdf18dc224dde2e2ab8bf23f4f8f48d0a1bb838fbdc6458852800216cd836b0a	побеждая ее и освобождая Нарнию от ее ледяного плена.		самоцитирование
cf2c0589813e78b9f89fb67e4706f92871faea66a66cfd9c2b3fd5dbc58b892d	Женщина-космонавт заставляет перейти к более сложной системе дифференциальных уравнений		самоцитирование
cfa116838638215af753200f82b601df23cf2d061d73e17b2e8796e396003b63	поэта Шандора Пэтефи и художника Чонтвари. 		самоцитирование
cfb85696b3cea5600672f445f5c1b2163350e2c7d17f092b384fd2217a6e52ce	Восточно-Африканское плоскогорье, согласно третьему закону Ньютона, виновно нивелирует барионный суд		самоцитирование
cff2e9ab73ac0a18a143b3c3a7508da2b52d2e6f3ffb74b78ec65204c6834066	Правоспособность лица может быть поставлена под сомнение, если изомерия вырождена.		самоцитирование
d034993969ef62fe1d306c970845ad2722e28009413bc449d4d632df73042afb	Запеченная курица - праздничное блюдо.		самоцитирование
d0c45edc72932d02b22c3c2d4e7b534bae685b33949d57c45f55b096d57c0a26	Соколов сидел неподвижно, и Гошка сначала обрадовался		самоцитирование
d0eaef7c4ffd2decc13ede7c803280bd9186c41776f2dd4f119775e85423609f	что не нужно никому. 		самоцитирование
d0ffe3ae2f7f6e73fce9edb0ea172bc525563f9484e993f629008c825a286255	Функции коротких предложений		самоцитирование
d1308eda63a1a76f4ea386a008b6f58850ea204b3c40db5a6e8059e77a257a6c	Независимая кошка гуляет сама по себе.		самоцитирование
d1f1300879a8cebc5488dab65a740b6cb246f0cd8d043c22f10633d6098ca58d	Перипетии судьбы героев Берсерка заставляют читателя переживать за них и восхищаться их силой духа.		самоцитирование
d23561e8f81accbb62caecec256425c5c3d922c313ebc993ad2ffba90529bc00	Излучение сбрасывает контраст.		самоцитирование
d29fde05ca0fb0da3f0593f99effb514c38776841b1ee58be4e4490f4c8b1c2d	и ползли навстречу мне лица		самоцитирование
d2a559827410bfe9c8380b45cea463d0b71755ef62ea20a647ca2a9474cf0d17	Бутерброды с сыром и ветчиной - быстрый завтрак.		самоцитирование
d2afc6d3e926b2a40b57fa0f7ec617b5674203a624d86d6d9d19dd70551f24a2	Считается, что черные дыры могут играть ключевую роль в формировании галактик.		самоцитирование
d2cd8b99bc72e30e3508e98d1900cc67a61bfc68f9c86af2010b26f1e730ce21	Соединение неумеренно оформляет шурф. 		cfvjwbnbhjdfybt
d337e5e76527af74e177bc85eedb303aa465bb3ef8717eaca2ea002266f11d2b	Робототехника изменяла промышленность, автоматизируя производственные процессы.		самоцитирование
d35592f6ebded8e0cc9fd8375da183bf72c340b532d5f31a1b0bda979e7015ef	просветляет индоссамент. 		самоцитирование
d37b8bf8d533d58373e881d44efb6c571b594c42dfec501146887516511c2be4	чтобы оно не показалось ложным. 		самоцитирование
d37bf76252b61f0c21c7b54e18e220bc415aa2a64abeb6a8cebe3ecb6e78f00a	"Сублимация, если уловить хореический ритм или аллитерацию на ""р"", доказывает возмущающий фактор. "		самоцитирование
d39b31916fc2c336a0731f391881263d8414be03995500a24560d23d434f9c29	А - Активно совершенствовать свои навыки и знания, чтобы стать экспертом в своей области.		https://hf.co/datasets/nyuuzyou/chatgpt-in-russia-qa
d42a8084844545225b7576ff52ca1dcdde32aa942b424f9bd378f66aa0fee96f	ионы начнут двигаться, создавая струю воздуха, которая толкает шарик вперед.		самоцитирование
d46c5e5d1a24a70e1304774c20383778c798b5a499f114ca8bd2785d3c314d08	а заработать вообще. 		самоцитирование
d4b294958857aac03fb7c718ce3473674b86e1d25d7fcf86ad3b2a55b92e9310	Уравнение колеблет нормальный мир. 		самоцитирование
d4bf27ce2d33daacf49eb2f6705e2d4f8f3edd2377e8e679f6d7e28565fdc8b8	Песок пляжа скрипел под ногами, словно певучий оркестр в прибрежной тишине.		cfvjwbnbhjdfybt
d4c84ad89a4a503f5d59002aea5b959c32d609c9382b8697f6781f8d4a074d7a	Нужно было отправиться в графскую усадьбу		самоцитирование
d57bc1a5c385c016e9cffca6ada268751de4d6b66f09bc8db0cf0c6583028119	Ветер играл в листве, создавая мелодию природы, вечную и неповторимую.		самоцитирование
d5d623a282b459d297ac0f095637afd0549beae25a9916c49567ee498b49b7fd	В лучах восходящего солнца природа пробуждалась к новому дню.		самоцитирование
d6298522f06eacecdcb77986ed320d117ccaddc3c84ff5e808b29c73b6709ca3	Сегодня мы научимся собирать свою собственную интегрированную среду разработки.	technology_robotics	Я
d646f2d2bffb05a37f290db7f8243638f8e9197ca4ae7301a64d1eed4bb46bba	Сьюзен, известная своей мудростью и меткостью, становится королевой. 		самоцитирование
d69921aa012e49725cebcc37a9ae4a6733a4ab87e2ccdf13862a7c552f3f254d	приготовила на скорую руку жареный картофель. 		самоцитирование
d77b9bc77e9c3e6f026f44b083ee0908de933936eb848d776ac3c3049a9fe25a	Блины с мясом - сытный и вкусный завтрак.		самоцитирование
d7fe191a6ad2d2d772189e2ae89ea3850c059fc565305c07d8b36a3d78159b7f	Пётр Третий издал Манифест о вольности дворянства.	history_law_government	https://ru.wikipedia.org/wiki/%D0%A0%D0%BE%D1%81%D1%81%D0%B8%D0%B9%D1%81%D0%BA%D0%B0%D1%8F_%D0%B8%D0%BC%D0%BF%D0%B5%D1%80%D0%B8%D1%8F
d814f750fddf08e83a7cf0f0a9cf600088a86eba46f260df8e635cd1efd66ee9	Ощущение мира непосредственно вращает гироскопический маятник.		самоцитирование
d868a33e5339ed91f4155a9707393f59095cf481342dc150b8a8eed02a289820	Сложные отношения между персонажами формируют крупномасштабную сагу о предательстве и дружбе.		самоцитирование
d86efd60fc85dee59c4677365564732bb81dd6a23d2ad889ad7ee8fdeb4de151	… я могу говорить об этой книге до известной степени отвлеченно.    		 http://nabokov-lit.ru/nabokov/proza/dar/dar-1.htm
d87b800435d70f89643b14b42d89085b4e39a7d89d3f88c4f1c69c26e58b48bc	Абазинский язык относится к западной группе абхазско-адыгских языков.		https://hf.co/datasets/nyuuzyou/chatgpt-in-russia-qa
d8bda3d05418d7c92b379cc6862ccda3dd4d06877e0bcfe44eea6f0ae54d5697	Поля расстилались на обширной равнине, словно зеленое море без берегов.		самоцитирование
d8d8c165dd3e6b23c0d9ea04facb89737b13e19affa88f53fe0af48235ae6e92	Это будущее, к которому мы должны стремиться.		самоцитирование
d8e1902557c438f567162f9aba659e691fbbd601178fb1e086ce17c82cbc1782	Дорога виляла среди полей, словно змея, путешествующая по зеленой равнине.		самоцитирование
d906ab1797e91149731f84532fe9974a2529d1e050d99ea0247d27783ed4a597	Что я могу здесь написать?		I wrote it
d93fe23fea0f1d908724db9997a0ce422c1f4fc3dad2f19233f9658f83b07193	сражается с имперскими штурмовиками и чудовищными существами		самоцитирование
d944920201391fe1feeadaca824c4981e624fedd2702823c187e0bcaaab0c7fb	и целый день находилась в лихорадочной тревоге и деятельности. 		самоцитирование
d9ad375545c63552f278b3daf4eb6a2576f7f1b569e544de9aa246d390369021	а он в минуты своих горячих импровизаций обращался к ней одной. 		самоцитирование
d9bb2e01c78e76157c7f9908033257fa70b1dd4968c6048868e5d1b94de5a4c0	Плов - сытное и ароматное блюдо.		самоцитирование
d9e6cc19ebd66f2ce65b17183a4d673d97c2b3df219872d434dd9c41840f4f16	Новые технологии могут быть использованы для слежки за людьми и контроля над ними.		самоцитирование
d9fdb2795ca9b320389323f6796bee0d258344172b2aaacba2399802846bdfa3	Звезды на небе расположились как светящиеся маяки во тьме.		самоцитирование
da12b8c21c203de24a785ded6b3a2720a742fadc416339ff617bb441cdcd7826	Педон недетерминировано дает термальный источник. 		самоцитирование
db19a75481fa0555da1467375818b4cb1852597e612da857f7f20aabca671bab	Кинини күһүн аайы кинээс от кэбиһиитигэр оҕус сиэттэрэр		Х
db7699e7494e8c5d79bf4db2eab2c8e2142a884b921e035a1a1f6a1f63b0d53d	Вникнуть в характер, передать его через пустоту и слова.		самоцитирование
dba75598d71db312152fdf1a0cdf20d34445fef671bcc1d7eaa83f9156cf25a8	кто получает за что-то, то те		самоцитирование
dbe5663f596c5dd9c78ee4aa5cf22feea9544d357cc070cbe85c72c58d4571fa	Над вами простирается бесконечное море звезд, мерцающих, как бриллианты.		самоцитирование
dc1ec40a64d10de4938901cc4157beefc0baf6db8f319f162ce3ab4d6aac9426	Можно предположить, что лессиваж лимитированно поддерживает аутизм даже в том случае, 		самоцитирование
dc236e5c2b3034683181616925255268b3107814bbaec49c4efa392f02edb241	Давайте использовать технологии, чтобы создать будущее, которым мы сможем гордиться.		самоцитирование
dc3031edfa4834fd0a1ecd8455a1cade4923a8e505e8c47e31be40db416768a7	Абай рассматривал национальное пробуждение и интеллектуальное развитие как основу для процветания и независимости народа.		https://hf.co/datasets/nyuuzyou/chatgpt-in-russia-qa
dc46f4a53b74efc6a171272034aab17ea27ffda15d6a720f8d59ebdb923c9d81	Чем больше люди узнают друг друга, тем больше валентный электрон выбирает бозе-конденсат.		самоцитирование
dc75904d75935cff7a8cab0b4e799998c3b106be5b35b27106142b55a1765934	Очевидно, что заблуждение огромно. 		самоцитирование
dcb84ba616123ac19b5581fba5d320ca69e3bd8487b9d6e61e35c95c738d1f8d	добраться до далеких звезд и планет, которые сейчас кажутся нам недосягаемыми.		самоцитирование
dcce8973fa69ed24b631d579073690f9c9b667a143be5f0486571b919a0f145d	привет ,это Мадина	finance	интернет
dcd98f56c034011789cfec66defaad05d5f85e36de76661a3f2eea5d017ec23f	до того я чувствовал себя утомленным и замученным. 		самоцитирование
dd18a07ca82f85c665cfe27e0c67cf8c02daeabee644a85975ddf0b29fa541c1	Отсюда естественно следует, что комплекс рения с саленом начинает первоначальный смысл жизни. 		самоцитирование
dd620c4fdcb728d5ee517a9afeba031b711f75ba2301b2d74b0fc166721c9363	Сложные моральные дилеммы, с которыми сталкиваются персонажи, делают Берсерк еще более захватывающим.		самоцитирование
ddfc9c66fd07623fd5fca36d2a3059dddb702e456ec7a75e5a56e777be5a4c42	Во имя всего святого, что ты делаешь!?		Самоцитирование
de2691d94a70733477289bcbc7dcd43d6bfed9c4f6016384f9047a5588751e29	Какими-то исходными данными, породой, что ли. 		самоцитирование
de5d101bad9901c906c73806eb3ce13e92805e8aeeb3fccb793047b7687fee79	Она учит нас тому		самоцитирование
dedd8a82105aa2fb45f38bff987bbb33a4ed9dfc43d0e24fa51ac1072932490a	Ладно, это было неплохо. 		Самоцитирование
dee951fcb7fd5efbd22c1d0f622752eb994f8e90859c78ac3807ea7ce119cc8e	Сам того не заметив, я с головой погрузился в чтение 		самоцитирование
dfac5ccf51d1a8cc268c3495d41f0465c0fd0b109330db93301a84e01a66a40c	Онно төһө эмэ оҕо бары сурук ааҕа олороллор.		Х
e070c593f11c24c35636c9d0261b07072540494dee68534720e2ced4bdbab8f2	Веселые птицы заполнили воздух своими песнями, словно хор ангелов.		самоцитирование
e087a7cd72fd95f52b52718644cc38aa3e66d953ad914e6ed7e2e3ebdef4bb63	Существуют гипотезы о существовании черных дыр с параллельными мирами.		самоцитирование
e11e501edb00269b25e1e390e8fcc48c92fbf31c7b2c76d4b6825f6d84ae33b3	надругательством над чувством цвета, проявлением жестокосердия и дурного вкуса. 		самоцитирование
e13773a9aed26798a88e69a19985a9bb43dc23a00ec44c84b274688e652b5608	Рыба на гриле с лимоном - полезный и вкусный обед.		самоцитирование
e19765b7ec6d0dea83786194447222111e45347ba84558b0d8e07cd5c0fd73e5	И для нее эта бомба была всегда		самоцитирование
e1b7925d6f32b3d2f1d3b4b248f50d76735a41d240480f5a8d641bb50582ce52	Абай - это символ мудрости, духовного богатства и возвышенных идей.		https://hf.co/datasets/nyuuzyou/chatgpt-in-russia-qa
e1d87761227f0ab10294d02753cab92504ec1d08eabe85abe58d445bacbbbcc2	Черные дыры — загадочные объекты, поглощающие все вокруг себя.		самоцитирование
e1f49d873a917fcea8ac211688abe1329b520a6bd7fdd27fc2806cebf03b9c6d	Привет 		Лл
e229e1c393b2c02d31429990ec0fe5708507aacf0d2d712c314d4050a5d2607f	Технологии сделали нашу жизнь проще, удобнее и безопаснее.		самоцитирование
e23ebe79533216375bc0aad4f814869d300dbb52fdc95b6ddacba89e6b0e608f	и не будет здесь рассматриваться. 		самоцитирование
e273595865547f218fb57be8468e939931b3a910be78ec5af3a1d514d398afec	Мелькание мыслей, например, допускает анализ зарубежного опыта. 		cfvjwbnbhjdfybt
e29841cfc37a8b3abf534c465bc617f91d12c7e2e23551e070ea7e02bf9ae4a1	Абазинская культура обладает богатым наследием и включает в себя разнообразные традиции и ритуалы.		https://hf.co/datasets/nyuuzyou/chatgpt-in-russia-qa
e2cfde9c83fa1e55cd504a0bf1228fc4686974cd6fb8b65781b873b3965f6c92	Краткие и ясные предложения создают впечатление определенности и уверенности говорящего.		самоцитирование
e35b45435d790d2051e9e78c2b2ad0d66cf0248c55ec0f94e3e597852e563044	Спокойная река отражала голубое небо, создавая иллюзию бесконечности.		самоцитирование
e3876b31e7d7b1f86b78ca657d134cff79581e521de7ecfb7c6ff4cf2579e232	Звуки природы слились в гармоничную симфонию жизни.		самоцитирование
e393c5b75767144b98d6cdb13ca4b00304ed3528f37227e4bb1328c1836454a7	Влияние коротких предложений на коммуникацию		самоцитирование
e3fa4a94d14b0c9b46a553b3a17c34025ab7654534e103fe0c503dea46744868	Суши - японское лакомство.		самоцитирование
e44b5896c340d7b2a17db4bfed7e68a6c194906155b5d04ec257217b642a7ad9	Замок складки, по определению, предоставляет полиряд.		самоцитирование
e4aa4599cd15d1a382d8bb4f4c34f625058bb144b683a16b9bdaa86bb543a36d	Густой туман окутывал поля, скрывая их в своем объятии.		самоцитирование
e4e5f66bb30bce7b86bd745d9d16d1b54afb0fa53c8265eb4f4a05971ae9e7f5	контрабандистом Ханом Соло, его верным помощником Чубаккой и дроидами		самоцитирование
e4f9855b4ae814961e9329d3b80cd3053ba50f2df67c1cddbba994272bc73646	что еще до начала измерений сомнение возбуждает юридический тоталитарный тип политической культуры. 		самоцитирование
e53bb389e8523c4f85102d84501924a8ce7aea93c064ed4cd833be5c1141790c	"Компанія ""Аколь Груп"" займається виробництвом та постачанням вуличних "		"???????? ""????? ????"" ?????????? ???????????? ?? ??????????? ???????? ???? ??????????, ????????? ??????????, ?????????? ?????????? ? ????????? ???????????. "
e5bdfb74cc2ad978e719e79fad7ab0fafb570343862c08b4af4ec0ac40939fc2	Абай был великим мыслителем и философом, его произведения полны глубоких и универсальных истин.		https://hf.co/datasets/nyuuzyou/chatgpt-in-russia-qa
e63dfeef8a898f630d0ff2643293723c15e2f8c0ed35aa29b2369d4b98aea685	Взгляд утопал в бесконечности космоса, словно путник в звездном пространстве.		самоцитирование
e6c5b2b25dbcfa34cac4f4a871699716f0cb2b6ff3613a865d6c17d503505a45	я вспоминаю наши самые роскошные сады страны лишь как безграмотные демонстрации того, 		самоцитирование
e70af4155e24b3492ebfc73fedd9bd85cd212e9502467158d7197a0a2d1e16ba	а за главными событиями маячил образ несчастной любви		самоцитирование
e74cceb268aabfeadce7062fa6105ab9348125cb1381b57b58ccee7dd3c7bf6f	для напісаньня выкарыстоўваецца фанэматычны альфабэт	history_law_government	https://be-tarask.wikipedia.org/wiki/%D0%AD%D1%81%D0%BF%D1%8D%D1%80%D0%B0%D0%BD%D1%82%D0%B0
e7a3c47f031f7a2ecfaeb574217201f560f68e1dfb6e53e2bb4abced9f969f92	Солеперенос умышленно искажает художественный ритуал. 		самоцитирование
e7a51444d084df799ab130faa136b5c15878d201068a75a36037cfd080bcf959	Мы - часть космоса, а космос - часть нас.		самоцитирование
e7e028255b075dbc4751d3c6bd47c5e87a407365e7be1baf97c03a77ee9c6cd1	Водяное чудовище уже начинало реветь свою вечернюю песню.		самоцитирование
e7e0d531a42de28e4343808a2d9fdf6692c7fbf2488d52a0935edf3541f4acda	Кухарка, предупрежденная хозяйкой, что к ленчу будет еще один человек, 		самоцитирование
e7e7b68195dc0a062429ac0c06c56908f97fdfe9bc7d59d7226e2a943987cc42	Мужчины, ломавшие то, что прежде считалось непреложными законами природы пребывали 		самоцитирование
e839a63b39bb4df9a3fbfdfe8c478e1374cda5349fd1e2e0de481e96cb05d10c	Виртуальная реальность может стать настолько захватывающей, что люди потеряют связь с реальным миром.		самоцитирование
e83d8c75309b91b739c9d1b71093dba263fcf743bda41cf196e512b312da2970	Абай Кунанбаев высоко ценил свободу как внешнюю, политическую категорию, так и внутреннюю, духовную.		https://hf.co/datasets/nyuuzyou/chatgpt-in-russia-qa
e8712a5a9e4f4df6a081a08b994f3743c2acbffadfb014f721bf8b0797838e12	Майкл уставился на блюдо с таким видом, 		самоцитирование
e87869fe42d101615cbc76289942d23d4caa423e780a6ff9f12cf8f36e1b5d84	Аэри, крылатая эльфийка, мечтает о свободе и приключениях.		самоцитирование
e87bc6147e84e590e7eba1f80a5b20ac30229df35995a024c37319f3b25cde66	Окружающий мир составляли мой отец и Эльза, его любовница. 		самоцитирование
e8b081ae704dd243773efe46410bc8020f61d275e7497a1493cc4a31f04e90af	даже в самые темные времена.		самоцитирование
e8cd2739f63f81553b2a3eee353e0b5bfa502431f6609459feacbdb3ff611158	Дым от костра поднимался в небо, словно мудрая медитация природы.		самоцитирование
e94274ebeb1475224c744d27d0e05f8cd5ab25a223f058996c2ff6da211969b4	Куриные крылышки в медовом соусе - пикантная закуска.		самоцитирование
e945b6640ef1159c395186ad5de5bd92392b406bc7da4a730e1a90d54e194cff	и Гошка не сразу понял, что это за песня		самоцитирование
e950c58dac80eec24464a71f6eaa397ddd5395ade60be154245171904386da7f	Луна освещала ночной путь, словно незримый проводник во тьме.		самоцитирование
e953c904f8751d60fb0d0d56e1e130cbe29e1ef7989095ac074770293d9426c5	Цикл категорически разогревает субъект власти. 		самоцитирование
e9dab89f7723417bac3162b1545c9884f7af2b2278af306c000b3bf0588d88f2	а потом похолодел, когда услышал звуки. 		самоцитирование
ea0d880c6197de012065f06182e9eefd00d0d8334b962b26dc354540c3d2f7dc	Мы можем общаться с людьми по всему миру с помощью голограмм.		самоцитирование
ea742ec382a673ed6f39d76917f6caff32f73fa7270d97bab8fa0c1d907271e0	За что этот заработок, не имеет значения. 		самоцитирование
eaaab1546adb5d7d4671d6347c1f9cefc5b42164a93c250b6b2782ef761ae640	что любовь и доброта могут победить даже самое могущественное зло.		самоцитирование
eaac66a42aac1e360a0421a3b4dc1b913d9c457ff65428006ea2c7c45dd1c8cd	Онтон саҥата суох үөттүрэҕи ылан ардьаахтан тымтык суулларда		Х
eacce11d79197e11bcd637fd8237ee18a0d1ab91910c3ae18782a522b04ceb1a	Силовое поле нерезко. 		самоцитирование
eb1909531e96ed63fcc7d08a7c4f648b87ceaee63ac2a05d5f8fa96474d12e27	Абакан - столица Республики Хакасия, где проживают народы тюркской языковой группы.		https://hf.co/datasets/nyuuzyou/chatgpt-in-russia-qa
eb627641d85b730e72d793b28547ca5ae07e84beb1bc85e1b1f6cf8acda21112	Информация, попавшая в черную дыру, может быть потеряна навсегда.		самоцитирование
ebae1fa0228e5c79c01e5aee32c16cbdbb8a9569a0cfcb3cd415383acc4bcade	покупать и есть мороженое. 		самоцитирование
ec3003f6edaac5c3582219f0bfe35a89ac4137408c50a9834c7c4c600eaa5225	Шум волн напоминал танец прибоя под лунным светом.		самоцитирование
ec7eb68414936ca0230f7d6104ba1e0865cad0e82a93afd29f6535da823705da	Вы - часть бесконечного космоса.		самоцитирование
ecaa5b5205fa45874015224498ca0764154b11a59171ba7b8b74473b9b6bb51e	Но когда дело дошло до поисков работы, перед ней закрыли все двери. 		самоцитирование
ee04a2091db3d15af63192fc73f639676df51ccbf25470d690df94e15b32b5bd	эти вибрации создают мир вокруг нас.		самоцитирование
ee3758080b84dc660b11623472afd1338717b2353043247c29bc4ec05020f726	Когда эти цвета смешиваются, они образуют все многообразие нашего мира.		самоцитирование
ee66d7c1a284d5c800dfef17b062e5e4f21414bab73f6574291e53ea8130aa8a	Конечно, обнюхачились кокосом и давай в печеньку играть 	media_entertainment,general	Я
ee71b6eb4ef846232a9a2a87f28d9cddb5af41c6dc0e121c27202182c3301c28	Онтон үөрэниэм диэн мичээрдээбитинэн утуйан хаалла.		Х
ee87212ec49e04dfc56ba496198484cbe570b2105cd0aebb2d6ea8b6bcb3769c	посвятившем жизнь поискам своего отца		самоцитирование
eed78f7e1198acdc262bc141274d9248acf25b4810c7e5706a0564c7c7d77f1d	Однако, благодаря древней магии		самоцитирование
eeecf9efb4e922a1b45b11d8dc8169e1a13af8ece26eda0b84da122761ecc77f	Короткие предложения являются важным инструментом коммуникации, облегчающим передачу информации и улучшающим взаимопонимание. 		самоцитирование
eef64be4235adb9f1a98755ac16e2136f2b93734c31bbc385b9b67d43c929b8a	Бенгальский залив, тем более в условиях социально-экономического кризиса, иллюстрирует музыкальный азид ртути. 		самоцитирование
ef9b1685ff321e64740cce2a1c1d60e801fc0841677a353ee6f7b25fae926539	визитными карточками и разговорами, от которых в горле першило		самоцитирование
f007358893501af734a0b013fa1ebf975285c9d823037316e9ae9861e6862f6d	которые мы не можем увидеть.		самоцитирование
f0d5d303d01f92cac0e0459dffbaa9816e9378b08bc170dd386c0ce75795b2df	Поглощение черной дырой звезды сопровождается мощными гравитационными волнами.		самоцитирование
f155c318caec20dab09e52816cac0c279e24f75882cf1d7ce777d9427dd60839	Верная кошка всегда ждет своего хозяина дома.		самоцитирование
f1bfc3b3cafe1b370d0ff7fb9e13458dbd18e1869ac490e72b528e9cd7bbdbae	Звезды мерцали на небе, словно бриллианты в черной бархатной ткани.		самоцитирование
f23d0357c0a192bf5905971625871144f293b8430223b536545c9d7c1aa8c20c	Деревья клонились под утяжеленным снегом, словно подарки зимнего утра.		самоцитирование
f23dd9b8fed73f3a7bebcadce2843330e3913f35e3d426123e535e956769cc0c	Динамический эллипсис независим. 		самоцитирование
f285007d0d2bbec9bbc499d116eca6f0e7a508eaca7a7a3186fca5444df77246	Звездное небо завораживало своей красотой, маня к разгадке тайн Вселенной.		самоцитирование
f2b2e39acfb61ce52f1f2b801525dd992f405954a0e968a02933b17dc791b76c	Виртуальная реальность открывала новые горизонты в обучении и развлечениях.		самоцитирование
f322ae3326373fcf78f17536ca87ed668e15343ac50f647b535d3764cb5a1c24	Филогенез теоретически возможен. 		самоцитирование
f38341e7087e0e28f838aca274efdba49c5d99cf7ebd8bef8d9ac25a31aa33b2	Мир, где каждый человек имеет возможность жить полной и осмысленной жизнью.		самоцитирование
f3de349be7e2d974d962780726b08d8d04baf300feb1ddfa7ec8191031ae4433	Четверо юных героев - Питер, Сьюзен, Эдмунд и Люси Пэвенси - оказываются в центре 		самоцитирование
f410ccaa6cbb01c6eeac449129a31590e4a15b4b2185fe8ac00458721bd8d171	Нужно только говорить слова в такт губам актеров на экране.		самоцитирование
f41262956245e83c60317dba04b60d9d50c0c3220bc2275472315f83d3a1e50f	Море раскачивало волнами лодку, словно вздыхание природы.		самоцитирование
f4287863d1c70d7d57fcb667049b5b10a6a4698a2b46bcbdcca92c9309fdd0c9	"В работе ""Парадокс об актере"" Дидро обращал внимание на то"		самоцитирование
f4367e07b69e225d750ce74ff96279037a0f5a673b41586d564f227e2518a442	Пирожки с капустой - сытная выпечка.		самоцитирование
f4ac43d288f65eeee9f8ed6021c14748fec33aaf38790861adec223bbed18871	"Компанія ""Аколь Груп"" займається виробництвом та постачанням вуличних опор освітлення"		???????????????
f510a1950d5e20ccc1f7bb0d2655e87f35470358f4ecec7cf9ab0e66159f3636	Художественный стиль Кентаро Миуры воплощает визуальное великолепие и жестокость мира.		самоцитирование
f535700c8b907393d3fb9706cab2209175eccdd489191b4bbc1c103159c0a923	Нужно лишь повторять слова, синхронизируя их с движениями губ персонажа.		самоцитирование
f572b5852ba05aab85337d8f60980fa8f59453a40d53485a9e374397c68d5554	Когда вы чувствуете себя одиноким, посмотрите на звезды.		самоцитирование
f624378adb78fd079f227a72277fa596006b9a80179ae8f4c06390c25d09f0a0	что такое японский сад, 		самоцитирование
f6cf69dccee5ffb7de4b51fd77380137d6846012b914dfa6f6c43ea8d239921d	когда он встречает двух дроидов		самоцитирование
f6eeaef84e1ba2fe4f80335bb61212c8a95925c6f6e34bc39f70f92aa1494732	Мен чарчадым. 	history_law_government	ChatGPT
f7b85e88004c6ca41943e055d98973968244d1da52546a421a028036ba74eb20	Существуют теории о существовании черных дыр с дополнительными измерениями.		самоцитирование
f7f26e01d3875b2635ccfe4f306800e124b69ccb6b1c948705376cf37dee4e37	в ходе которой герой пытался восполнить все то		самоцитирование
f817462a410ba722f5e4c4c8c2e787e8dac119d44d85ae122862321edee51f6d	Их гравитационное поле настолько сильно, что даже свет не может уйти.		самоцитирование
f83eaffe820bf043edd2e0c45c1481d6075122b021aa528ae990fdb59d89eb42	Оладьи из кабачков - полезное и вкусное блюдо.		самоцитирование
f8793bfd70aa1b1dc4534280b794f5fc943975171b6a64f7e03e5c0e8a15f8d8	Следовать инструкциям режиссера, чувствуя образ на уровне звука.		самоцитирование
f88369bb5ab3fb28f9295b7dc464da7a4e5688d727ba1aae59fdc9abb33b9bc7	направился куда ноги пойдут. 		самоцитирование
f9ae7cc4a08db15e15563be8d19aee69898a9aa5af2913e760a7c27575a87311	Лицо ее сильно монгольского типа с довольно заметными скулами, 		самоцитирование
f9c70304f6b0058dff720c84d570b9d6d49d3f3b90c3bbe769d6421a85efc4d4	Блокчейн технологии применялись для обеспечения прозрачности и безопасности транзакций.		самоцитирование
f9dce7cac19902ba0b4e6f1ff96b3668373041c65de4689c7602e8692d327fd8	Он выглядел хрустящим и аппетитно пахнул. 		самоцитирование
fa0b12b171a3cd2c0827fb3cc93a7e52e2d4d575d1739e653e5d0ba33d5690d9	Орбита, на первый взгляд, представляет собой либерализм. 		самоцитирование
fa5a18331813a0db45e60db5a9a8379f0d0dc1b94363f6e8dfb740e14aa70868	Терпеливая кошка ждет, когда ей дадут еду		самоцитирование
fb05bff0688a687eaa70d0bf1ed9b6bc35b496db93b13516c017b2baea1f4754	Маленький розовы бронетранспортер бежал по коричневой жиже из грязи.	nature_environment	Придумано самостоятельно
fb42012c72bb85737263594b1a2562f11bcbab81220574c95b1234a133dfbb36	Онтон ийэтэ хоноһо кыыстыын хотоҥҥо киирдилэр. 		Х
fb7f8d6c5c0a7c2f3ea9838c0affbf41de43932de43e3b86ca21c9a74ab0c0ee	Кажется, можно просто включить микрофон и читать скрипт, легко.		самоцитирование
fb811a6e37a5bc8b791292353e5004117b2cd9a359958dbe99925ff3c1674c0a	который мечтает о большем		самоцитирование
fb81b4448da92dd2b360bda2bb7752be091e456e51aad1b597142dcf0ef8fcb8	Приступая к доказательству следует безапелляционно заявить, что дождливая погода отражает неопровержимый онтогенез.		самоцитирование
fbae488160d2d22d3ab22e7495b6862dfd4fbd929d4ceb453ed10a69724f0d8e	Разработчики создавали децентрализованные приложения на основе технологии блокчейн.		самоцитирование
fc18a9d97b322d3f49f5697b0824d677bf3ba2a7e0c4bacd6c218de55d81dec3	чуть заметно вздрогнув, очнулся от мрачной задумчивости и сказал: 		самоцитирование
fc4598406d7325550ff8095b63ef51396ada53c1cdbbe7cc3f6c496cabfb958d	Дождевые капли стучали по окнам, создавая ритмический монолог.		самоцитирование
fc71f6ece0eced9e1cfa12007ba52da8fd09c0162f2b64705c919768618cea46	Начни уборку на первом этаже, в зале.		Самоцитирование
fc8a9037bbe1e926f0929d4080af68233dfe83c918e0a911fcc73ae47f6fa4fc	Поток сознания сублимирует потребительский блеск.		самоцитирование
fd5308708c2cffefffde6034181e1f0d7d13e99001c544e27bd64d821215e3b2	Луч, в силу третьего закона Ньютона, неравномерен. 		самоцитирование
fda22e6af2d93c23ae3142d1193e832b49c3c3e1db4871aa7160be7ae54623a2	Динахейр, вор с острым умом и ловкими руками, мастер скрытности.		самоцитирование
fdc62a1c95ece540681e35bf4e4f3ba357a662adef1b1667c3fcd2c70a08ef74	Ну а вот если заработок идет за то		самоцитирование
fde39b2a1b542ebaf4502d9d59d0529b7b0976a07c5ecd8c55a49a41d01156c6	Мистические элементы манги добавляют ей загадочности		самоцитирование
fe1326a317f33e7686b6aa50734dfae4c5ed1d2e7a71df8c8be794093ce73884	национальные резерваты природы и парки, понимает стресс. 		самоцитирование
fe79033da91bb484947ee3d6ab4bf8e5011c4ce19f21765c9ee6f7a7552024a0	Хитрая кошка незаметно крадет еду со стола.		самоцитирование
fe8527c319b986f9c0d57cf0d131d25019afca32f6d3f7cb167c933446b50153	Художественное переживание, так или иначе, количественно поручает гештальт. 		самоцитирование
fe88e5ad0fec55f70a60cf1eaebb25e9bd603b8481fa7a3ac958afb3f17b954d	Мы должны использовать технологии, чтобы построить лучшее будущее для всех.		самоцитирование
fedf23b50105335ea4e58bd86f91497653d067dccc50feaba9b9c238aa82f723	Радуга расцвечивала небо яркими красками после дождя.		самоцитирование
ff4b7bdbcbfbc4c50c435678872c3c6bfd067f43f3fb3deb82cf49fee002f4e7	Космос - это место бесконечных чудес.		самоцитирование
ff5fb85edbae0670069c05c6742c2236338a6e980931c8b8d8a0517e3e7e4057	после того как я узнал, 		самоцитирование
ff7dc706ac93ef5ec205251b63d3f500359489ee4fab4a5acda0e7ce30f51aff	Мен чарчадым	media_entertainment	ChatGPT
ff9602bb071dc9bd042066473ad6b44c454b4c0d55f658d2bb9a7bb01b37a2b3	Интенсивные боевые сцены пропитаны напряжением и драматизмом.		самоцитирование
